frame,0.0-5.0,5.0-10.0,10.0-15.0,15.0-20.0,20.0-25.0,25.0-30.0,30.0-35.0,35.0-40.0,40.0-45.0,45.0-50.0,50.0-55.0,55.0-60.0,60.0-65.0,65.0-70.0,70.0-75.0,75.0-80.0,80.0-85.0,85.0-90.0,90.0-95.0,95.0-100.0,100.0-105.0,105.0-110.0,110.0-115.0,115.0-120.0,120.0-125.0,125.0-130.0,130.0-135.0,135.0-140.0,140.0-145.0,145.0-150.0,150.0-155.0,155.0-160.0,160.0-165.0,165.0-170.0,170.0-175.0,175.0-180.0
1,1,1,0,1,1,1,1,0,0,0,1,1,1,0,1,2,2,0,0,0,1,2,0,2,2,0,3,0,1,1,1,2,1,2,0,3
6,2,3,0,0,0,2,0,1,1,1,3,1,0,0,1,1,2,2,1,2,1,1,1,5,1,0,1,0,1,1,0,0,0,1,1,0
11,0,1,4,1,0,2,2,3,1,0,0,1,1,0,2,3,2,0,3,0,1,1,2,1,1,1,3,1,0,1,3,1,1,2,1,1
16,2,2,0,0,0,1,0,1,2,1,2,2,1,0,2,2,1,2,1,0,3,0,2,0,1,2,0,1,1,1,2,1,1,1,1,1
21,1,1,3,0,0,2,1,1,2,0,3,1,0,1,0,1,1,0,3,2,0,0,0,1,1,1,0,0,1,1,2,1,1,2,0,2
26,0,0,2,1,1,0,1,0,1,1,1,2,2,0,0,1,1,0,1,2,5,1,1,1,1,1,0,0,2,0,1,1,2,2,0,1
31,0,0,0,0,1,1,2,1,1,1,1,0,0,2,2,1,1,1,1,2,1,3,0,1,1,0,2,1,1,1,2,0,3,0,1,2
36,2,0,1,1,1,2,0,1,0,1,2,2,1,0,3,3,3,1,0,1,0,2,1,0,2,0,0,1,1,2,1,0,0,3,0,1
41,0,1,1,0,0,0,3,0,1,1,3,0,1,0,0,1,0,0,3,1,3,1,0,2,1,0,1,1,0,3,0,3,1,0,1,1
46,0,1,2,0,1,1,2,0,0,0,2,3,1,0,0,0,1,1,0,2,3,2,1,0,2,2,1,0,1,1,1,5,3,1,0,3
51,3,0,0,0,0,0,2,0,1,1,0,0,1,0,0,2,1,1,1,3,3,1,1,1,2,1,1,1,0,0,2,0,3,2,0,2
56,0,2,1,0,1,0,0,0,1,0,0,2,0,1,0,1,1,1,1,1,1,1,0,1,1,1,0,1,2,1,2,0,1,0,2,1
61,5,2,0,0,1,2,0,1,2,1,0,0,0,0,0,3,1,0,0,3,2,0,2,2,0,1,1,4,0,1,1,1,0,1,0,1
66,0,2,2,1,1,1,0,0,2,0,1,1,0,0,1,1,0,1,2,1,3,1,0,3,0,1,1,1,0,1,1,1,1,2,3,1
71,2,2,1,1,1,0,1,0,2,0,2,2,1,0,1,3,2,1,3,2,0,3,1,0,0,0,2,1,0,2,2,2,2,1,1,0
76,3,1,1,1,0,0,0,1,1,1,1,0,0,1,0,1,0,2,2,0,2,3,1,1,0,0,1,1,0,0,0,3,2,1,0,2
81,0,0,2,0,0,0,0,1,1,0,1,2,0,1,1,1,1,0,2,1,0,2,2,1,0,1,1,1,0,0,1,1,3,3,1,2
86,2,3,1,0,0,2,0,0,1,2,2,0,0,0,2,0,2,1,2,2,2,2,1,0,1,2,2,1,4,0,2,0,1,0,1,0
91,1,1,0,1,0,1,1,3,0,1,0,0,1,0,1,1,1,0,2,1,0,0,1,0,1,0,0,1,0,2,2,1,0,0,1,1
96,0,2,1,0,1,0,1,2,0,1,0,2,3,2,0,0,2,0,2,2,2,0,1,0,2,1,2,0,2,2,2,0,1,0,1,3
101,3,1,0,0,1,1,0,2,0,0,0,2,0,0,0,2,1,0,1,1,1,2,0,1,1,0,1,0,0,0,1,3,0,1,1,0
106,3,1,0,3,0,0,3,1,1,0,1,2,0,1,1,2,0,1,2,2,2,1,3,0,0,1,1,2,1,4,3,0,0,0,2,3
111,2,0,2,2,0,1,2,1,1,1,1,1,0,0,0,1,3,2,1,1,1,2,1,1,1,0,0,1,1,1,1,2,0,1,1,1
116,2,2,0,1,0,2,0,0,1,0,2,0,2,0,1,0,3,0,3,2,1,1,0,1,1,0,2,1,0,0,3,1,0,0,0,1
121,0,3,0,1,0,1,0,1,0,2,0,2,0,1,0,4,0,0,1,2,1,1,3,1,1,0,1,0,0,1,1,0,0,2,3,0
126,1,1,1,1,1,2,0,1,1,0,1,0,1,1,2,1,0,0,0,1,3,0,1,1,0,0,2,1,0,3,2,0,3,2,5,0
131,0,3,1,1,0,0,1,0,3,2,1,0,2,0,1,1,1,2,1,1,2,1,3,0,0,0,2,1,0,1,2,2,1,1,1,1
136,2,1,1,1,0,1,0,0,1,1,1,1,1,0,1,3,0,0,0,0,0,3,1,2,1,0,0,1,0,1,1,2,2,0,2,1
141,3,3,0,0,0,0,1,0,2,0,2,0,0,0,1,0,2,1,1,1,1,0,3,1,0,0,0,0,0,2,2,1,0,1,0,2
146,1,4,0,0,1,0,3,3,0,2,0,0,1,0,1,1,1,1,2,2,0,1,2,0,1,1,1,0,0,1,2,1,1,1,1,1
151,2,2,1,1,1,0,1,4,1,0,1,1,1,2,0,2,2,1,3,1,1,0,2,0,1,1,2,0,1,0,2,0,2,0,1,0
156,4,2,3,1,0,1,1,0,0,1,2,0,1,1,3,1,1,1,2,1,0,3,2,0,1,0,0,1,2,2,0,2,3,1,2,1
161,1,2,1,0,1,0,2,0,0,1,1,0,1,0,1,2,0,1,1,3,1,2,1,0,0,1,0,2,2,2,1,2,0,0,0,2
166,1,1,1,0,0,1,1,0,1,1,2,2,0,0,3,3,1,0,2,1,0,2,2,0,3,1,1,2,1,1,1,2,2,1,1,2
171,3,0,2,0,1,0,1,0,1,0,2,4,3,0,0,0,1,0,2,2,0,0,0,0,3,1,1,1,0,2,1,1,1,0,0,0
176,1,4,1,1,0,1,0,1,2,0,2,0,0,1,1,1,0,2,0,1,4,2,0,2,1,0,0,0,0,0,1,2,4,0,0,1
181,3,2,0,1,1,0,1,0,2,2,1,1,3,0,1,1,1,0,2,2,0,0,0,1,2,0,1,3,0,1,0,3,0,1,1,0
186,2,2,0,0,2,1,1,2,1,0,0,0,3,0,1,1,3,1,2,0,2,1,1,1,1,1,1,0,1,1,2,0,1,0,1,1
191,2,0,0,0,0,1,0,0,1,3,1,0,1,0,0,2,1,1,3,1,2,0,0,0,0,1,4,0,1,1,1,0,2,0,2,2
196,1,1,1,1,1,1,0,1,0,0,1,2,1,1,0,1,0,0,0,0,2,3,0,1,1,0,0,1,2,4,0,1,4,2,1,0
201,2,4,2,0,1,0,0,0,1,1,1,1,0,1,0,0,4,0,4,0,1,0,0,2,1,1,1,1,1,1,2,0,0,1,1,2
206,1,1,0,0,2,0,1,0,1,0,0,3,1,0,0,0,2,1,0,1,1,1,0,1,1,1,0,0,1,2,0,1,1,0,2,0
211,2,3,0,2,2,0,1,1,0,0,1,1,1,1,1,0,2,1,3,0,1,1,2,0,0,1,1,1,1,2,2,0,0,1,1,1
216,0,2,0,1,1,1,1,0,2,0,2,0,2,0,2,0,1,2,0,0,4,0,0,0,0,0,1,0,2,1,1,1,1,2,0,0
221,1,0,3,0,0,1,0,1,0,1,1,3,1,1,1,1,3,3,2,0,2,1,0,2,3,1,2,0,0,1,1,4,1,0,3,0
226,1,1,0,2,1,1,1,1,0,1,1,1,1,0,1,1,1,1,4,2,2,0,3,1,1,2,0,0,1,2,1,0,0,3,1,0
231,1,3,1,1,0,2,0,1,0,0,0,2,1,2,2,1,3,1,0,0,3,2,2,0,2,0,1,0,1,1,1,0,1,1,1,1
236,3,1,1,1,0,0,1,0,0,1,0,2,0,1,0,1,0,4,1,1,0,2,0,1,1,0,0,1,2,2,1,0,1,2,0,2
241,0,0,1,2,0,2,1,1,1,0,0,0,0,2,1,1,2,1,1,0,2,2,2,2,0,2,0,0,2,2,1,1,0,2,0,0
246,0,2,2,1,0,0,0,2,0,0,1,1,0,2,0,1,0,3,1,3,2,1,0,1,3,0,0,1,2,2,2,1,1,4,1,0
251,0,2,2,1,1,0,2,0,0,0,1,1,3,0,0,0,2,3,1,1,1,2,2,0,1,1,0,2,1,1,0,0,0,1,1,0
256,2,5,1,2,0,0,1,0,2,0,0,4,0,0,0,0,2,2,2,0,2,1,0,1,0,2,1,0,1,3,1,1,0,0,1,0
261,2,5,1,0,0,0,1,1,1,0,0,0,0,1,4,0,0,2,1,3,0,1,1,1,0,0,1,1,2,1,1,0,1,0,3,0
266,3,1,1,0,1,0,0,0,1,0,0,0,1,1,1,1,1,2,3,2,0,0,0,1,0,0,0,1,0,1,3,0,0,0,3,0
271,4,0,2,1,1,0,3,0,0,1,1,0,1,1,1,1,1,1,2,2,1,1,2,1,1,2,3,1,3,1,2,0,0,0,1,1
276,1,1,1,0,0,1,0,1,1,0,1,1,2,2,0,0,4,0,1,1,1,2,2,0,2,0,1,0,1,3,1,1,0,0,1,0
281,5,1,1,0,1,1,0,0,0,2,0,1,1,1,1,2,1,2,1,0,2,3,1,0,1,1,1,2,2,1,2,0,3,2,1,0
286,0,2,1,0,0,0,0,2,0,0,1,1,1,2,1,1,3,0,1,0,0,0,0,0,1,1,1,1,1,2,1,2,1,2,2,0
291,1,0,0,0,0,2,0,0,1,0,0,2,1,0,1,2,3,0,2,1,0,1,3,0,2,2,0,1,0,1,0,4,0,1,2,2
296,1,0,0,0,2,0,0,0,0,0,0,1,0,1,0,1,0,3,1,0,0,0,1,0,1,2,1,3,0,1,1,1,0,1,3,1
301,2,1,2,1,0,0,2,0,1,0,0,1,1,1,1,1,0,4,0,0,2,1,2,1,2,2,2,1,3,2,1,0,3,0,1,0
306,3,0,0,0,0,0,2,2,0,1,0,1,0,0,0,0,2,2,1,2,0,1,1,1,2,0,2,1,0,0,1,2,1,1,1,0
311,1,0,2,0,1,1,0,1,0,1,1,0,2,2,1,1,1,2,1,0,2,1,1,1,2,2,0,0,2,0,2,0,1,2,1,1
316,3,2,0,0,0,1,0,1,2,0,1,0,1,1,1,0,1,2,1,1,2,0,1,0,2,0,1,2,2,0,1,2,1,0,0,1
321,0,0,0,1,0,0,1,1,1,0,0,0,1,0,0,1,4,0,1,3,3,1,1,0,1,1,1,1,2,3,2,1,2,0,0,1
326,1,2,0,0,1,0,2,0,0,0,0,1,2,2,0,3,0,1,0,1,0,0,3,2,1,1,0,1,0,1,4,1,2,1,0,0
331,0,0,1,0,1,0,3,0,1,1,2,1,1,1,0,0,2,0,2,0,2,0,1,1,1,2,2,3,2,2,2,2,1,0,1,1
336,2,0,2,0,0,1,0,1,0,1,2,0,4,0,0,1,2,1,3,0,1,1,0,3,1,2,0,1,1,4,1,0,2,2,4,2
341,0,0,1,0,1,0,2,1,0,1,0,1,1,2,0,2,2,2,0,0,1,0,2,1,4,0,1,1,1,2,2,2,0,0,3,1
346,0,1,0,1,0,0,2,1,0,3,0,3,2,2,1,0,1,2,1,2,1,1,1,1,1,1,2,1,1,0,0,2,2,0,2,1
351,1,3,1,1,1,0,0,3,1,0,1,2,2,0,0,0,2,3,0,0,1,2,1,4,1,0,0,2,2,3,1,3,1,1,2,1
356,0,1,1,3,0,1,2,0,1,0,1,4,0,1,0,4,1,2,1,0,1,1,0,2,0,0,2,0,0,1,3,1,0,1,1,2
361,1,0,2,1,4,2,0,1,0,0,1,0,2,1,0,1,2,1,2,1,1,1,0,2,0,0,2,1,2,3,2,2,0,1,0,1
366,2,0,1,2,0,2,1,0,2,1,0,1,1,2,3,0,1,2,2,1,3,1,1,2,1,0,0,1,1,1,0,1,1,3,0,1
371,1,2,1,1,1,1,5,0,0,1,1,0,1,3,0,0,0,1,0,0,2,1,0,2,2,2,0,0,0,2,2,1,1,1,0,1
376,1,0,0,1,3,1,3,2,0,1,1,1,0,1,0,1,1,1,1,2,0,0,0,4,3,1,0,2,3,1,1,3,1,2,1,2
381,1,0,0,0,0,2,1,2,1,0,1,1,2,0,2,1,4,2,1,3,0,0,1,3,1,1,1,0,1,2,0,0,3,1,4,1
386,0,2,0,0,3,0,2,0,0,0,0,0,0,2,2,0,3,1,0,1,0,1,0,1,2,0,1,2,2,3,0,1,1,0,0,1
391,1,0,2,0,0,2,1,0,0,1,0,1,1,0,3,2,1,1,5,0,4,1,0,1,2,0,0,1,1,4,1,1,0,2,0,5
396,1,1,1,0,1,0,0,3,1,2,0,0,1,0,1,1,2,1,0,1,2,1,1,1,1,0,0,0,2,3,2,1,0,2,2,0
401,0,2,0,2,1,0,0,2,0,1,2,0,2,0,0,1,1,2,0,1,0,1,1,2,3,1,0,1,0,2,0,1,3,1,0,0
406,1,1,1,2,1,0,1,3,1,0,0,0,0,4,0,1,4,2,2,0,2,1,1,0,0,1,2,0,2,1,1,0,1,2,0,0
411,2,1,1,0,1,0,1,1,0,0,0,0,2,1,1,1,2,1,3,2,1,1,1,1,0,2,1,0,2,3,2,1,0,0,0,2
416,0,2,1,0,0,0,4,0,0,0,0,0,4,0,2,0,1,0,3,1,0,1,2,0,1,0,1,1,1,1,1,3,1,2,2,2
421,2,2,1,1,0,0,3,2,0,1,0,1,0,1,1,1,3,2,0,0,1,1,1,2,1,0,3,0,2,1,1,3,0,0,2,1
426,2,1,2,0,1,1,0,1,1,0,1,1,2,0,2,2,2,2,2,0,1,1,0,3,0,1,2,2,2,2,1,2,1,1,0,0
431,3,0,1,2,0,1,2,0,0,1,0,1,1,2,0,1,1,1,2,1,0,1,1,0,1,0,0,1,1,2,1,0,0,1,2,0
436,2,0,3,1,0,0,1,0,1,1,0,1,1,2,1,1,0,0,2,0,5,1,0,1,0,1,0,0,4,1,0,1,2,2,1,2
441,1,0,2,0,0,0,0,0,2,0,0,1,1,1,1,1,0,2,0,0,0,0,2,1,3,1,0,0,3,3,0,2,0,0,1,2
446,2,2,1,0,0,1,0,0,1,0,1,2,1,0,0,0,1,2,1,1,1,2,1,2,1,0,2,1,2,4,1,0,2,1,0,1
451,1,0,1,0,1,0,0,2,0,0,0,1,0,5,1,0,1,2,0,3,0,0,0,2,2,3,1,0,0,2,1,4,1,0,1,2
456,0,2,2,1,0,0,2,2,0,1,3,4,0,2,0,0,2,3,2,0,1,1,4,0,2,0,1,2,2,0,2,2,1,1,2,1
461,4,0,2,0,2,1,1,2,0,0,1,0,0,3,1,1,1,2,0,0,0,3,4,1,2,2,0,1,4,1,1,2,2,0,1,1
466,1,1,1,0,0,0,0,1,0,0,2,0,1,1,1,0,3,2,0,1,1,1,3,1,1,0,1,2,2,1,2,1,1,1,0,2
471,1,1,0,2,1,3,2,0,1,0,0,0,1,3,0,0,2,3,0,2,0,2,0,1,1,2,1,0,5,2,2,1,0,1,4,0
476,0,2,1,0,1,2,0,1,0,0,1,1,0,1,1,2,1,1,0,4,3,0,2,2,3,1,0,0,1,1,1,0,3,0,2,2
481,1,0,3,0,1,0,0,2,0,1,3,2,0,1,2,0,1,2,1,1,2,0,1,1,1,1,2,2,1,4,0,2,2,0,3,3
486,1,0,2,3,0,1,1,3,2,2,1,1,1,0,3,1,1,1,1,1,1,1,1,2,0,0,0,2,0,1,2,0,4,1,2,2
491,2,1,0,0,0,1,1,2,0,0,0,1,2,0,2,0,1,4,0,1,1,0,2,3,1,0,0,0,0,1,0,1,2,1,2,1
496,3,2,0,1,0,1,1,1,1,0,0,0,3,1,1,2,1,2,0,1,4,4,2,0,0,0,1,2,0,0,4,0,0,2,3,3
501,2,1,1,3,0,0,0,1,2,2,1,1,1,4,3,1,2,1,1,1,0,1,2,0,1,2,0,2,0,1,1,2,1,0,1,1
506,3,1,2,1,1,1,1,2,1,0,1,2,2,1,1,0,1,0,0,1,3,1,1,0,2,0,1,0,3,2,0,1,1,1,1,1
511,0,0,0,3,0,0,1,0,1,0,2,1,0,1,1,2,1,3,1,1,1,1,2,1,0,1,1,2,3,2,2,0,0,1,1,3
516,2,0,0,1,0,3,2,1,1,0,0,3,1,0,1,1,1,0,2,0,2,2,1,3,0,1,1,1,0,3,0,1,1,1,0,2
521,1,1,2,0,3,0,1,1,0,1,0,2,1,2,0,0,0,2,0,3,0,1,1,2,2,0,2,0,0,1,2,0,1,1,2,2
526,0,0,4,1,0,0,0,1,2,1,2,1,0,1,1,3,0,0,4,0,1,1,1,1,0,0,1,0,3,1,1,3,1,0,0,4
531,1,1,1,0,1,1,0,1,0,0,0,0,3,0,1,0,3,1,1,1,0,2,3,1,1,0,1,2,2,0,2,1,2,1,1,1
536,2,3,1,2,0,0,0,1,2,0,0,3,0,1,1,1,2,1,1,2,2,1,2,1,2,1,1,0,3,3,0,0,0,1,1,2
541,4,2,0,0,1,1,1,1,2,1,1,0,0,1,2,1,0,3,1,2,0,2,2,2,1,0,1,1,1,0,1,0,3,2,0,0
546,2,1,3,1,1,2,1,1,0,0,1,2,0,1,0,1,3,2,1,0,0,0,0,2,1,2,0,2,0,2,1,2,0,4,1,0
551,1,4,1,1,0,1,1,0,1,0,1,1,0,2,3,0,1,1,0,0,2,3,1,2,0,0,0,2,0,2,2,0,1,2,1,1
556,3,0,0,1,0,0,0,2,0,0,0,1,2,0,2,0,1,4,2,0,1,2,2,1,1,1,0,1,0,1,1,1,0,1,1,4
561,2,2,0,0,0,1,1,0,1,0,1,0,1,2,1,0,1,0,2,1,1,0,2,1,1,2,1,2,1,2,0,1,3,1,2,0
566,2,1,1,0,0,1,1,1,0,1,1,1,2,1,1,0,1,1,0,0,2,1,0,1,0,1,1,0,0,2,1,3,1,0,3,1
571,1,2,1,1,0,0,1,1,1,0,1,3,2,0,0,2,1,2,2,2,2,1,1,0,3,1,1,2,0,2,1,2,2,1,1,0
576,1,2,1,1,0,0,2,2,0,2,0,2,0,0,2,2,0,2,5,2,2,1,1,2,1,2,1,0,1,1,1,1,2,1,3,1
581,4,0,1,0,0,0,0,1,3,0,1,1,1,0,2,0,1,3,2,1,2,0,1,1,4,2,1,0,2,2,0,1,1,1,2,1
586,0,0,0,2,0,0,2,2,1,0,1,0,1,0,4,2,0,3,1,1,0,0,3,1,2,1,1,2,0,2,0,4,0,3,2,2
591,2,2,2,1,0,3,1,1,0,2,0,1,1,1,2,1,3,2,0,1,0,0,1,0,1,1,1,2,1,1,2,1,2,1,1,2
596,2,1,5,1,1,2,1,0,0,1,2,0,0,0,1,1,0,4,0,1,1,3,1,1,1,1,2,2,3,0,1,0,0,2,2,2
601,0,3,1,0,2,0,1,2,0,1,2,1,1,1,1,1,0,1,1,1,3,0,2,1,1,1,1,1,0,4,0,1,2,2,3,0
606,1,2,1,0,0,2,3,0,0,0,1,1,1,2,1,3,2,1,0,3,1,2,1,2,0,3,0,0,0,1,1,1,1,2,2,3
611,0,2,0,1,1,2,0,1,0,1,0,0,1,1,1,1,1,1,2,1,0,2,1,2,1,1,1,0,1,0,1,2,2,1,0,4
616,2,1,1,1,0,0,0,1,2,0,2,0,2,1,1,1,1,2,1,0,1,1,1,4,1,0,1,0,2,0,0,1,2,2,1,2
621,1,1,2,0,1,2,1,0,1,1,1,0,1,1,3,0,1,2,0,2,2,1,2,0,1,0,0,0,1,1,0,0,0,4,2,2
626,2,1,0,0,1,2,0,1,0,2,1,0,1,0,1,0,0,1,1,3,1,0,2,1,1,0,0,1,3,1,0,0,3,1,0,3
631,0,1,0,2,0,0,1,1,2,1,0,0,0,0,3,1,1,2,1,3,2,0,0,0,1,0,0,1,3,1,1,1,4,2,0,1
636,3,0,2,3,1,1,0,0,3,1,0,1,0,1,2,0,1,0,3,1,2,0,3,1,3,0,0,0,2,0,0,0,4,0,2,3
641,2,1,0,1,1,1,1,0,1,0,0,1,1,0,3,1,0,3,0,0,2,1,1,2,2,1,1,0,1,0,0,1,1,1,0,0
646,0,2,0,0,1,0,1,1,3,0,1,0,2,1,2,0,1,1,2,1,3,2,0,1,2,0,3,1,2,2,0,0,3,3,3,2
651,0,2,2,1,0,0,1,0,1,1,0,2,1,0,1,0,1,1,1,1,1,4,2,1,1,2,1,0,3,0,1,1,2,0,1,2
656,1,2,2,0,0,1,1,0,1,0,1,2,2,2,2,1,0,0,2,2,2,0,2,2,0,1,1,1,2,1,0,0,1,1,3,1
661,1,0,0,0,1,1,0,2,0,0,2,0,2,1,2,1,0,2,0,2,2,0,0,1,0,2,0,2,2,0,0,1,2,3,0,3
666,3,2,3,0,0,3,2,2,0,0,2,1,0,2,1,0,1,5,3,1,1,2,3,1,1,1,0,1,0,2,0,0,1,3,2,1
671,4,0,0,0,0,0,1,2,0,1,1,0,1,1,1,0,2,1,1,3,1,1,0,0,0,0,3,2,1,1,1,0,2,2,0,2
676,2,0,2,0,0,3,1,0,2,0,0,1,0,2,0,2,2,2,1,1,3,1,0,1,1,0,1,2,3,1,1,1,0,2,3,1
681,2,0,3,0,0,0,1,1,1,2,1,0,1,0,0,3,2,1,2,1,1,3,1,0,0,0,1,0,1,3,1,1,1,1,2,2
686,1,2,2,0,0,2,0,0,0,0,0,0,1,0,1,2,1,2,3,1,3,3,0,1,0,0,1,2,2,1,0,0,1,2,3,2
691,2,1,1,0,1,2,0,0,1,0,1,0,4,0,3,1,0,2,2,0,1,2,0,2,2,0,1,2,1,0,2,1,1,0,3,4
696,2,2,1,1,0,0,2,0,0,0,1,0,1,2,2,1,0,3,2,3,0,0,2,0,2,0,0,1,2,1,1,1,2,0,3,4
701,1,0,2,0,0,1,2,0,0,0,0,0,2,2,0,1,1,2,2,3,2,2,0,4,1,0,0,2,0,3,2,2,1,1,1,2
706,4,0,0,1,2,0,0,1,0,0,2,3,0,1,3,0,0,0,3,2,0,2,0,3,1,0,2,1,2,1,0,1,1,2,2,1
711,0,1,1,1,1,1,0,2,1,0,0,2,2,0,1,0,3,1,1,2,0,2,3,0,2,0,0,2,1,2,0,1,1,0,1,2
716,4,0,1,2,1,1,1,0,1,0,0,0,1,1,4,0,0,1,3,0,1,0,2,2,0,0,1,3,0,2,0,1,1,1,1,2
721,1,0,2,1,1,1,1,0,0,0,2,2,0,1,1,1,0,3,2,2,1,0,5,2,0,1,1,1,1,1,0,2,3,0,3,1
726,3,1,1,1,0,0,0,2,1,0,1,0,0,1,1,2,1,1,3,2,1,1,3,1,1,1,0,0,2,1,1,0,1,0,3,2
731,5,1,2,0,1,0,0,1,1,0,4,1,1,1,2,1,0,1,4,2,2,0,2,1,0,0,2,0,0,2,0,1,0,2,2,0
736,3,1,0,1,0,1,1,0,0,0,0,0,1,1,3,1,1,3,1,4,0,0,4,0,0,0,0,2,0,1,0,1,1,0,1,2
741,1,0,2,2,0,1,0,1,1,2,0,0,1,0,2,1,0,1,1,2,1,1,0,4,0,0,1,3,0,1,1,1,1,0,3,0
746,2,2,2,0,2,0,2,0,1,0,1,0,0,3,0,0,1,2,1,2,1,0,3,0,2,2,1,0,1,1,0,0,0,2,5,1
751,1,1,1,2,1,1,0,2,1,0,0,0,0,3,2,3,1,1,3,0,2,2,2,2,0,0,1,1,1,0,1,1,2,1,3,4
756,2,0,0,3,0,0,1,0,0,1,1,0,0,2,0,2,1,2,0,2,2,2,2,1,0,0,0,0,0,0,2,0,2,0,4,2
761,1,3,1,1,0,0,1,1,0,1,1,0,0,1,1,1,4,3,3,2,0,0,3,0,0,1,0,0,1,0,1,0,1,2,2,2
766,2,0,0,1,2,1,0,0,0,0,0,2,1,1,1,1,1,2,1,4,0,1,0,2,1,0,0,0,1,0,0,0,2,1,1,3
771,2,0,1,1,0,0,0,0,1,0,1,2,0,0,1,0,0,0,0,1,1,1,3,2,1,1,1,0,2,2,1,1,1,1,1,0
776,1,0,2,0,0,0,0,0,0,1,0,1,3,1,1,2,1,1,1,2,1,2,1,0,0,2,2,1,0,4,1,2,1,1,0,3
781,2,3,0,3,1,0,0,1,0,0,1,1,1,2,0,2,2,2,0,2,1,0,1,2,1,1,1,1,0,0,3,1,0,3,1,2
786,1,0,0,1,1,0,0,0,0,1,1,1,1,0,2,3,0,1,1,1,1,2,2,0,1,2,0,1,1,1,1,2,1,0,2,4
791,0,0,1,2,0,1,2,0,2,0,1,0,1,2,0,0,1,0,3,0,3,0,1,1,1,0,0,1,1,0,2,2,0,1,1,3
796,1,0,0,1,0,1,0,0,0,3,0,0,1,3,0,0,0,2,2,3,2,0,2,1,2,1,0,1,1,1,1,0,2,0,3,2
801,4,1,0,2,0,0,0,0,0,1,0,0,2,2,2,0,0,4,0,3,1,1,1,1,0,2,2,1,0,1,1,2,1,0,0,1
806,1,0,0,1,0,1,0,1,1,2,0,0,0,0,2,1,1,2,3,2,0,2,2,0,3,1,1,1,1,1,1,2,0,0,3,1
811,0,2,1,1,0,0,3,0,0,1,0,0,1,2,0,2,2,0,2,3,0,0,1,0,0,2,1,2,1,1,1,1,0,0,2,3
816,0,0,1,2,1,1,0,0,0,0,0,1,0,3,0,2,4,0,0,2,1,2,2,0,1,0,0,2,0,3,0,2,0,0,1,3
821,0,0,0,1,1,0,1,1,0,0,0,1,1,1,1,2,2,1,2,0,2,0,0,2,1,0,3,1,1,1,1,0,2,0,3,1
826,2,1,0,1,1,0,0,1,0,0,0,2,0,2,3,0,2,0,0,0,1,6,3,0,1,1,2,0,0,0,1,1,1,2,0,2
831,1,0,2,0,1,1,0,0,0,1,0,2,1,0,0,0,2,2,5,2,0,0,0,2,1,3,0,1,1,0,1,2,0,1,3,2
836,3,2,1,0,1,0,0,0,0,1,1,1,1,0,1,1,2,2,1,2,1,0,1,0,0,3,0,2,1,1,1,2,1,0,1,1
841,4,1,0,1,1,0,1,0,1,0,1,0,1,1,0,2,1,2,2,2,0,0,1,1,1,2,1,0,1,2,1,0,0,3,2,0
846,2,2,1,1,3,0,0,0,0,1,0,1,0,1,1,2,4,1,1,5,2,1,2,2,2,0,2,1,0,2,2,1,0,0,1,2
851,0,2,1,0,2,0,0,1,1,0,0,1,1,1,1,3,2,1,1,3,1,0,1,1,0,0,0,1,0,1,1,0,1,0,2,3
856,3,0,0,0,3,2,0,1,0,0,1,1,0,1,2,1,2,3,0,1,3,3,1,0,0,1,0,2,0,0,2,2,1,2,2,0
861,2,0,1,0,0,2,0,2,1,0,0,1,0,0,2,0,3,2,1,1,0,1,1,0,1,1,1,1,1,0,1,1,1,0,4,2
866,2,0,1,0,0,1,0,0,0,2,1,0,2,0,2,1,0,1,4,2,0,3,2,0,2,1,1,2,0,1,0,0,1,1,2,1
871,1,0,1,1,0,0,0,0,1,1,0,1,2,1,3,0,2,1,2,2,1,3,1,2,1,0,3,1,1,1,3,0,0,3,2,1
876,0,1,0,0,1,1,1,1,0,0,0,1,1,0,1,2,3,2,3,0,1,2,1,0,0,1,2,0,1,1,1,2,2,2,2,1
881,2,1,1,2,0,0,0,1,0,0,0,2,0,1,1,0,1,4,0,5,0,0,1,1,1,1,1,0,0,2,2,1,1,1,2,1
886,1,0,1,0,2,0,1,1,2,0,0,1,1,2,2,1,1,3,3,2,1,2,1,1,1,2,1,1,0,1,2,2,0,2,2,0
891,0,1,2,1,0,0,3,1,1,0,0,1,1,0,1,1,2,2,0,3,0,1,0,0,1,0,1,1,0,1,0,1,2,0,3,1
896,0,1,0,1,1,0,0,0,0,0,1,0,1,0,3,1,1,2,4,1,1,1,2,0,0,0,1,0,1,0,2,1,2,2,2,1
901,2,0,2,3,1,1,1,1,0,1,0,0,2,2,0,1,3,1,1,1,2,2,4,1,0,0,1,1,1,0,1,3,1,0,1,2
906,0,0,0,2,2,0,1,0,1,2,1,0,0,0,0,2,1,1,3,1,3,0,0,2,0,0,1,1,1,1,1,0,1,3,3,0
911,1,1,2,1,2,3,0,0,1,0,0,1,0,1,2,2,3,3,1,1,1,0,3,0,1,1,1,0,1,0,2,1,3,1,2,0
916,1,0,0,0,2,0,1,1,0,1,0,1,1,2,0,1,1,2,2,5,1,0,1,0,2,2,2,0,1,0,1,0,2,0,2,4
921,1,0,1,1,0,1,1,1,2,0,0,1,2,1,0,1,3,0,3,1,0,2,0,5,0,1,1,0,1,1,0,3,2,1,1,1
926,0,0,0,0,1,1,2,0,0,0,1,1,0,2,2,1,4,0,2,2,1,0,4,0,1,0,1,1,0,0,2,0,1,1,1,4
931,0,1,0,3,1,0,1,0,2,0,0,1,2,1,0,2,1,1,3,2,0,2,2,2,0,0,1,1,0,0,1,1,1,2,3,2
936,2,0,0,0,1,1,1,2,0,0,4,0,1,1,0,0,3,2,2,3,1,1,1,0,0,2,2,1,2,2,1,2,1,4,0,2
941,2,1,0,0,0,1,1,1,0,0,1,0,1,1,0,1,0,1,0,0,0,0,0,0,2,0,2,1,3,2,0,1,0,3,0,1
946,2,0,2,0,1,1,3,1,0,0,1,1,3,4,1,1,1,1,1,4,2,2,1,0,0,1,0,3,3,1,2,1,1,2,3,1
951,0,2,0,0,0,3,0,0,1,0,0,0,0,4,3,1,0,3,3,2,1,1,1,2,0,0,0,0,1,0,0,1,2,2,3,3
956,1,1,1,0,0,1,0,1,3,0,0,2,0,0,2,2,0,3,1,2,3,1,1,1,0,3,0,0,1,0,1,1,2,0,3,2
961,0,2,0,1,1,1,3,0,1,1,0,0,0,0,2,2,3,0,1,4,1,1,2,0,0,0,1,0,1,2,1,0,0,1,1,2
966,1,0,0,1,1,1,1,0,0,1,1,0,0,0,3,0,1,4,1,2,1,0,1,1,1,0,2,0,1,0,1,2,0,1,2,0
971,1,2,0,0,2,1,2,1,1,1,0,0,1,1,2,1,1,0,2,2,2,0,2,1,0,0,1,1,1,0,0,5,1,0,1,2
976,1,0,0,0,0,1,1,1,0,0,1,0,1,1,1,2,0,2,3,3,3,0,1,0,0,0,1,1,3,1,3,1,1,1,0,1
981,3,1,1,0,1,1,1,0,2,2,0,1,2,1,0,0,5,2,0,3,3,0,2,1,1,1,2,1,3,0,1,0,2,1,1,2
986,3,0,1,1,2,2,0,0,1,0,0,3,0,4,1,1,2,3,2,1,2,0,0,0,1,0,2,2,0,0,2,0,1,1,1,2
991,1,0,2,1,0,3,1,0,1,0,0,0,3,0,2,1,1,0,2,1,2,2,0,1,0,1,1,0,1,1,2,0,1,1,1,1
996,1,0,0,1,1,0,0,3,0,0,1,0,0,0,0,3,3,0,1,3,3,0,1,0,1,1,0,0,1,0,1,2,2,2,0,2
1001,0,2,0,3,0,2,1,2,0,1,1,0,0,0,1,0,1,1,1,5,0,0,1,0,1,0,0,2,2,2,0,1,2,1,2,3
1006,3,1,0,0,1,0,0,1,1,0,1,0,1,1,1,0,1,3,1,2,0,2,1,1,1,1,2,0,1,0,0,1,1,1,2,2
1011,5,1,2,3,1,0,0,0,1,0,1,2,0,1,1,4,0,1,2,2,3,1,1,1,0,2,0,1,0,0,0,1,2,0,1,2
1016,0,1,2,2,0,2,0,0,2,0,2,1,0,1,2,1,2,4,1,4,3,0,1,0,1,0,2,0,1,0,0,1,2,1,1,4
1021,0,1,1,0,0,0,2,2,2,1,0,0,2,0,1,0,3,2,2,3,2,2,0,0,1,0,0,3,0,0,3,1,4,3,0,1
1026,1,0,1,0,2,0,0,3,1,1,0,1,1,3,1,1,0,2,0,0,3,1,1,1,2,2,0,2,3,1,0,2,3,2,2,0
1031,1,2,0,1,1,0,0,1,0,2,1,2,0,1,1,0,1,3,1,1,1,0,2,1,1,1,2,0,1,1,2,2,0,0,1,2
1036,1,1,1,0,1,0,0,0,0,2,0,2,2,1,2,0,1,3,2,2,3,2,0,0,0,0,1,1,0,0,2,2,1,0,3,3
1041,0,1,2,1,0,0,0,0,1,1,0,2,0,1,1,3,2,2,0,2,0,1,2,0,1,2,1,0,3,3,0,1,2,1,0,3
1046,2,2,0,1,0,0,0,2,0,0,1,1,0,2,2,2,2,3,1,2,0,1,0,3,0,0,1,0,1,0,3,2,2,2,2,1
1051,2,0,1,1,0,0,1,0,3,1,0,1,1,1,2,2,1,2,1,2,2,4,2,1,0,2,0,2,0,0,0,4,2,1,0,4
1056,1,1,0,1,1,2,0,2,0,0,2,0,2,1,1,1,2,1,2,1,2,0,1,2,0,3,1,1,2,1,2,2,1,0,2,1
1061,1,2,2,1,0,2,0,2,0,0,0,0,1,1,0,4,3,0,3,1,0,1,1,1,0,2,2,1,0,1,2,3,0,0,0,3
1066,2,1,0,1,1,1,2,1,0,2,0,1,1,0,0,2,2,2,1,2,2,1,0,1,0,3,1,0,0,0,1,2,2,3,1,2
1071,1,1,2,0,1,0,0,1,1,0,0,1,1,2,3,1,0,4,0,4,3,2,0,0,0,1,1,2,1,0,1,4,1,2,0,2
1076,2,1,0,1,2,1,0,1,0,1,0,2,2,0,1,3,3,1,1,3,2,2,0,0,1,0,1,0,2,2,0,2,0,1,3,1
1081,1,2,0,1,1,1,1,0,0,1,0,1,1,0,3,2,2,2,2,1,1,1,3,0,2,2,0,0,0,0,2,5,0,1,1,2
1086,2,2,0,0,1,0,1,1,1,0,1,0,1,2,0,2,4,0,1,1,2,2,0,2,0,1,0,3,0,2,1,1,2,2,0,3
1091,2,0,1,1,0,3,0,0,1,1,0,1,0,2,1,1,2,4,0,1,2,3,0,0,1,0,2,0,0,0,1,2,3,1,3,3
1096,1,1,1,0,0,0,0,2,3,1,0,2,1,1,3,2,4,3,1,2,3,1,1,0,0,0,1,1,0,1,1,3,0,0,3,2
1101,2,1,0,2,0,0,0,1,0,3,0,0,0,1,1,1,1,2,1,2,3,2,1,2,0,2,2,0,0,1,0,1,3,2,1,3
1106,0,1,1,0,1,1,0,2,0,0,1,1,3,2,4,2,1,2,1,1,1,3,0,1,0,0,1,1,1,2,3,2,1,1,2,1
1111,3,1,1,1,0,1,1,0,0,1,0,0,2,0,2,3,1,3,1,3,2,2,1,0,0,1,1,0,1,2,0,3,0,0,0,3
1116,1,1,2,1,0,0,0,1,1,1,0,0,2,2,1,2,3,1,2,4,0,1,1,2,2,0,1,1,0,1,0,1,2,2,2,3
1121,2,1,0,0,0,1,1,1,0,1,2,1,1,2,0,2,2,2,1,2,1,3,2,0,3,1,0,1,0,1,2,1,0,1,2,2
1126,1,0,1,1,1,1,1,1,0,1,0,1,0,0,2,2,0,0,1,2,4,2,0,1,0,1,0,1,2,0,0,1,0,0,1,4
1131,2,0,1,1,0,0,1,0,1,1,0,0,0,2,2,1,2,2,2,0,1,2,0,2,3,1,2,2,0,1,1,1,0,0,1,3
1136,2,0,1,0,0,1,1,1,2,0,0,1,1,1,1,1,1,2,1,1,0,2,1,1,1,0,0,1,3,3,1,1,2,0,3,0
1141,1,0,3,2,0,0,2,1,0,1,1,0,0,0,1,2,1,2,5,3,0,1,1,0,0,1,1,4,2,1,0,1,1,0,1,4
1146,1,3,1,0,1,1,1,0,0,0,0,1,0,2,0,4,3,3,1,2,4,0,0,1,0,0,0,1,1,2,0,2,1,2,3,2
1151,3,1,1,0,0,0,0,3,0,1,0,0,0,1,2,0,2,3,0,3,1,3,1,1,1,1,0,2,0,1,0,1,0,2,1,0
1156,0,0,0,1,0,1,0,2,0,0,0,0,0,2,1,1,3,1,1,4,2,2,0,0,2,0,2,1,0,1,2,3,1,1,4,2
1161,3,0,1,0,0,0,0,1,1,0,0,2,4,1,1,0,3,1,1,2,1,3,0,1,2,2,0,1,0,2,1,3,0,1,3,2
1166,2,1,1,0,0,0,0,2,0,1,1,1,2,0,4,1,2,1,0,2,1,1,2,1,0,1,1,1,1,0,2,2,3,2,2,1
1171,2,0,0,1,0,1,0,0,0,0,3,0,0,2,0,1,3,1,4,0,5,0,1,1,1,0,0,2,2,1,1,1,1,0,3,2
1176,1,1,0,1,0,1,0,0,0,0,1,0,2,1,0,1,2,3,1,0,1,1,0,1,1,0,1,1,0,1,3,2,2,1,3,2
1181,1,0,0,0,2,0,1,0,2,1,1,1,1,0,2,2,2,0,2,0,1,3,0,1,1,2,0,0,0,0,2,2,1,2,2,2
1186,1,1,0,0,2,1,1,0,1,1,0,0,2,0,3,2,0,2,3,0,2,0,3,2,0,0,0,2,0,2,1,0,2,2,2,1
1191,0,1,0,1,1,0,1,1,1,2,2,0,0,0,2,2,1,3,1,0,1,1,1,1,2,0,0,1,1,0,1,1,2,1,1,4
1196,0,1,1,2,0,0,0,1,0,1,0,1,0,0,1,3,2,3,0,1,2,1,0,2,2,0,1,1,2,0,0,0,5,1,1,2
1201,0,1,0,2,2,0,0,0,1,2,0,1,1,2,0,1,2,0,3,3,1,0,1,1,2,2,2,0,2,2,1,2,0,1,1,2
1206,1,2,2,0,0,0,0,0,0,1,2,0,1,0,2,2,2,2,1,2,1,4,1,0,1,1,1,0,2,2,1,0,1,2,1,1
1211,2,1,1,1,0,0,0,2,1,0,0,1,1,2,1,1,3,1,0,5,2,1,0,0,0,1,1,1,0,2,2,0,0,2,2,2
1216,1,1,1,1,2,0,0,2,1,1,1,0,1,1,1,2,2,1,0,1,2,2,1,0,2,2,1,1,0,0,3,2,1,0,2,1
1221,2,0,2,1,0,1,1,0,0,1,0,0,1,2,3,2,2,2,0,2,3,0,1,3,0,0,2,0,2,1,1,2,0,3,0,1
1226,1,3,0,1,0,0,0,1,0,1,0,1,1,1,1,0,1,5,1,2,2,0,1,0,1,1,1,1,0,1,2,3,0,0,1,0
1231,0,0,0,4,0,0,1,0,0,1,0,1,0,1,0,0,3,1,1,0,3,2,1,0,3,0,0,1,0,0,5,0,1,1,2,2
1236,3,1,1,1,1,1,1,0,1,0,2,0,1,0,2,2,3,3,2,1,2,1,2,0,0,1,1,1,1,3,1,2,4,0,2,2
1241,2,1,0,0,0,1,0,1,2,1,1,1,1,0,1,1,4,1,0,3,2,2,4,0,1,0,1,0,2,0,3,2,2,0,2,0
1246,1,0,0,1,1,0,2,0,0,2,0,0,1,1,1,4,0,3,5,0,3,1,0,0,1,2,1,0,0,2,0,3,0,3,0,2
1251,1,1,0,1,0,1,2,1,1,0,0,0,1,1,1,1,1,1,2,2,1,2,2,0,2,3,2,0,1,0,2,2,1,0,2,1
1256,2,0,1,1,1,0,0,1,1,0,1,1,0,0,1,3,0,2,1,2,4,0,1,2,0,2,0,1,0,2,1,3,0,0,0,0
1261,1,2,0,1,1,0,0,0,2,1,1,1,1,0,2,1,2,4,1,3,1,0,0,2,0,0,2,0,0,2,1,0,2,1,2,1
1266,0,2,0,0,1,1,0,1,1,1,0,1,0,2,1,0,2,2,2,1,3,0,1,0,1,2,3,1,0,0,1,0,1,1,1,1
1271,1,0,0,1,2,1,0,1,0,1,1,2,2,1,0,2,2,1,2,1,3,2,0,0,3,2,0,0,0,3,1,1,4,2,1,1
1276,1,0,0,0,1,1,0,0,0,1,0,1,0,3,1,2,2,1,1,2,1,3,1,0,1,0,1,3,2,0,1,0,2,1,2,1
1281,0,3,0,0,1,0,1,0,2,0,0,0,1,1,1,1,1,3,1,5,2,2,2,0,1,0,1,0,0,0,2,2,1,2,0,1
1286,1,1,1,1,3,0,0,0,0,1,0,1,2,2,0,0,4,3,1,0,0,2,1,2,0,0,0,0,1,0,3,0,0,2,0,2
1291,2,0,1,1,2,0,0,0,1,1,0,1,4,1,1,1,2,2,1,2,2,3,2,0,2,0,1,1,2,0,4,4,0,1,1,1
1296,0,0,0,0,1,1,1,0,1,1,0,0,0,0,1,1,2,2,4,1,0,1,2,0,1,1,0,1,1,4,1,0,0,1,2,1
1301,0,2,0,1,0,0,2,0,0,1,1,0,0,1,0,0,1,3,4,1,1,1,1,2,1,1,0,1,0,1,1,1,3,1,1,0
1306,1,0,3,1,1,0,0,1,0,0,1,1,0,1,2,2,1,3,1,4,1,1,3,0,1,0,1,1,0,2,2,1,2,1,0,1
1311,1,1,0,2,0,1,0,0,0,1,0,0,1,0,1,1,1,2,2,3,1,1,0,0,3,1,0,0,0,2,1,0,3,1,2,0
1316,1,0,1,1,0,1,0,1,4,1,0,1,0,0,1,2,3,3,1,3,2,2,1,1,1,1,1,1,1,1,1,0,2,0,2,0
1321,1,1,2,1,0,2,0,0,1,0,1,0,0,2,0,2,2,1,2,1,1,1,3,0,2,0,1,0,1,1,3,1,1,1,1,0
1326,1,0,1,2,1,1,0,1,0,0,0,1,1,1,1,1,3,2,1,2,1,1,3,2,0,1,1,1,0,0,4,2,3,2,2,0
1331,0,2,2,0,1,1,0,1,1,1,1,1,1,3,2,0,1,3,0,1,2,1,1,1,2,1,0,1,0,1,1,3,3,1,1,0
1336,1,0,0,0,1,0,0,0,0,2,1,1,0,1,0,3,3,0,3,3,3,1,1,0,0,1,1,0,1,1,2,0,1,0,3,1
1341,1,2,2,1,0,2,0,0,0,0,0,1,0,1,3,0,3,3,2,1,2,3,0,1,0,1,0,1,1,0,1,3,2,3,0,1
1346,2,2,0,2,1,0,0,1,1,0,0,0,0,0,0,2,2,3,2,1,2,2,0,0,1,3,0,0,1,0,1,1,0,2,0,0
1351,0,1,0,1,1,1,0,0,0,1,1,1,1,2,2,0,5,1,0,4,1,1,3,0,1,3,0,0,0,1,2,1,1,1,1,0
1356,2,0,0,1,1,0,1,1,1,0,0,0,1,2,1,1,3,1,2,3,1,1,1,0,2,1,2,0,1,0,0,3,1,1,0,2
1361,0,1,2,3,0,2,0,0,1,0,0,0,1,0,2,2,1,4,3,2,2,1,0,2,0,0,1,1,1,3,2,1,1,0,1,0
1366,2,0,1,1,1,2,0,0,1,1,1,1,0,1,1,3,1,2,0,1,1,1,1,0,1,2,0,0,1,1,0,2,1,0,2,2
1371,1,2,1,0,1,2,1,1,1,0,1,0,1,1,2,1,2,2,2,3,2,1,1,0,0,0,1,1,0,4,0,0,2,0,1,1
1376,0,1,2,2,1,1,0,0,2,0,0,0,0,1,0,3,5,2,0,2,4,2,1,1,0,0,1,2,1,1,2,3,0,3,0,1
1381,0,0,0,2,1,0,0,1,2,1,1,0,1,2,1,0,2,0,1,2,0,1,3,0,1,1,0,0,1,2,2,0,2,3,2,1
1386,0,1,1,1,1,2,0,1,1,0,0,0,1,1,1,0,2,1,4,3,2,1,0,2,0,0,0,0,0,1,3,3,2,0,2,1
1391,0,1,1,0,1,0,2,1,1,1,0,0,1,2,0,3,4,0,0,1,2,4,1,0,1,1,0,2,1,1,0,1,1,2,0,0
1396,2,1,0,1,2,1,0,0,2,0,0,0,0,0,1,2,2,2,3,4,2,1,0,1,1,5,0,0,2,1,3,1,0,0,3,2
